filename,genre
Bawelile__feat._Bongo_Riot___Zakwe_(0).mp3,Hip-hop
Duncan_-_200_Bars(256k).mp3,Hip-hop
Humusha(0).mp3,Hip-hop
Izithakazelo(0).mp3,Hip-hop
Zuluboy_Nomalanga__OFFICIAL_VIDEO_(256k).mp3,Hip-hop
Onkulunkulu(0).mp3,Hip-hop
Family_Anthem(0).mp3,Hip-hop
Stokfela(0).mp3,Hip-hop
Isiqamelo(0).mp3,Hip-hop
TTDID(0).mp3,Hip-hop
Big_Zulu_-_Ama_Million_feat._Cassper_Nyovest___Musiholiq(0).mp3,Hip-hop
BLESSED(0).mp3,Hip-hop
Touchline_-_Say_It_To_Yourself(0).mp3,Hip-hop
Dreams(0).mp3,Hip-hop
Duncan_-_After_Tears(0).mp3,Hip-hop
Touch_Wabantwana(0).mp3,Hip-hop
(256k)(1).mp3,Hip-hop
(256k).mp3,Hip-hop
Mthinay_Tsunam Two_Brothers_ft_Kaymass___Didalback(256k).mp3,Hip-hop
Icala_Le_Mpumelelo(0).mp3,Hip-hop
Side_D(0).mp3,Hip-hop
V Class__feat._K.O_(0).mp3,Hip-hop
Anymore(256k).mp3,Hip-hop
Combos_Communicating(0).mp3,Hip-hop
GET_STRAIGHT_TO_IT(0).mp3,Hip-hop
WAR(128k).mp3,Hip-hop
Touchline_-_Peace_Hunting_[Lyric_Video](256k).mp3,Hip-hop
Emtee_-_Believer__Official_Audio_(256k).mp3,Hip-hop
Emtee_-_My_people__AUDIO_(256k).mp3,Hip-hop
Emtee_-_What_I_Do___Official_Audio_(256k).mp3,Hip-hop
Emtee_-__Ubuya_Nini__Official_Audio_(256k).mp3,Hip-hop
Areece_-_Ama_Hater__Official_Audio_(256k).mp3,Hip-hop
Boda_Tonight(256k).mp3,Hip-hop
Cinga(256k).mp3,Hip-hop
Emtee_-__Mama__Official_Audio_(256k).mp3,Hip-hop
Emtee_Feel_me_now__Official_Audio_(256k).mp3,Hip-hop
Emtee_Thank_you__Official_music_video_(256k).mp3,Hip-hop
No_Stress(256k).mp3,Hip-hop
Revolutionary(256k).mp3,Hip-hop
Saam_Sokol_(256k).mp3,Hip-hop
Saudi_-_Nkalakatha__ft._Emtee___Official_Music_Video_(0).mp3,Hip-hop
Sjava_Abangani_Ft_Emtee___Saudi(256k).mp3,Hip-hop
Touchline_-_Time_To_Kill__Feat._Ginger_Trill___Kid_X__Official_Audio(256k).mp3,Hip-hop
Touchline_-_Wadlala_uTouch_[Audio](256k).mp3,Hip-hop
Saudi_-_Dark_Dindy_Ft_Sjava___Emtee(256k).mp3,Hip-hop
ANGELZ_AND_DEMONZ(256k).mp3,Hip-hop
automatiC(256k).mp3,Hip-hop
Duncan_-_Sbhamu(256k).mp3,Hip-hop
Duncan_-_Tsiki_Tsiki(256k).mp3,Hip-hop
AMA_Level__feat._Assessa___Just_Bheki_(0).mp3,Hip-hop
Abafana_Aba_Hot(256k).mp3,Hip-hop
Duncan_-_Mi_Thatha(256k).mp3,Hip-hop
Duncan_-_Straad_Sami(256k).mp3,Hip-hop
ROMA(0).mp3,Hip-hop
Red_dragon(256k).mp3,Hip-hop

Incwadi_Yezono(0).mp3,Afro-soul
5_Grand(256k).mp3,Afro-soul
Nasty_C_-_Kill_The_Noise__Audio__ft._Anica_Maglera_Doe_Boy(256k).mp3,Afro-soul
Ezintabeni(256k).mp3,Afro-soul
What_If___Mngani_(256k).mp3,Afro-soul
TearGas___Chance(256k).mp3,Afro-soul
Stafara(256k).mp3,Afro-soul
Where_I_m_at(256k).mp3,Afro-soul
skuva_tshwala(256k).mp3,Afro-soul
Eminem Lose_Yourself(256k).mp3,Afro-soul
Mthinay_Tsunam_Intro_[After_Depression](256k).mp3,Afro-soul
Thokoza_Gogo(256k).mp3,Afro-soul
NgSale_Nobani__feat._Zeh_Mcgeba___Zee_Nxumalo_(0).mp3,Afro-sou
Duncan_Skuva__Devil_feat__Njabulo(256k).mp3,Afro-soul
Everytime__feat._Beast___Supreme_(0).mp3,Afro-soul
Iqhude(128k).mp3,Afro-soul
Kude(256k).mp3,Afro-soul
Malome_Vector-Please_Pray_Official_Visualizer__ft_Mlindo_the_vocalist.mp3,Afro-soul
Khaya_Lami(256k).mp3,Afro-soul
Isisu_SomHambi__feat._Zakwe___Siya_Ntuli_(0).mp3,Afro-soul
Impilo__Bonus_Track_(256k).mp3,Afro-soul
Mnqobi_Yazo_Shwele__Official_Audio_(256k).mp3,Afro-soul
Senzo_Afrika_Thonga_Lami__[Official_Music_Video](256k).mp3,Afro-soul
Big_Zulu__Ft._Zakwe__-_Ngicela_Ukuphumelela_[Official_Music_Video](256k).mp3,Afro-soul
MusiholiQ_-_Abondaba(256k).mp3,Afro-soul
Back_to_the_Roots__Deep_House_Version___feat._Sanele_Zet_(256k).mp3,Afro-soul
Buya_Ekhaya_Bakulindile(256k).mp3,Afro-soul
Mlindo_The_Vocalist_-_Imoto(256k).mp3,Afro-soul
Amanda_Black_-_Nguwe__Official_Audio_(256k).mp3,Afro-soul
Gotta_Say_Goodbye(256k).mp3,Afro-soul
Juice_WRLD_Can_t_Die__Official_Audio_(256k).mp3,Afro-soul
Joyner_Lucas_-_Anxiety_Wins__Official_Video___ADHD_2_(0).mp3,Afro-soul
Juice_WRLD_Bad_Energy__Official_Audio_(256k).mp3,Afro-soul
Juice_WRLD_Passed_Out__Music_Video_(256k).mp3,Afro-soul
From_My_Window(256k).mp3,Afro-soul
Polo_G_Through_Da_Storm__Official_Audio_(256k).mp3,Afro-soul
Traveling_in_the_unknown(256k).mp3,Afro-soul
mgk tell_me_whats_up__Official_Audio_(256k).mp3,Afro-soul
J._Tek_x_DJ_Pain_1_ft._Doja_-__Soul_Searchin____Official_Video_(0).mp3,Afro-soul
Lund_-_13(0).mp3,Afro-soul
Bitter(0).mp3,Afro-soul
Head_Up(256k).mp3,Afro-soul
Juice_WRLD_Break_Her_Heart_[Prod.Reaper_x_Young_Feno](256k).mp3,Afro-soul
MEMO__feat._Samuellim√†ta_(0).mp3,Afro-soul
Caleborate_-_Caught_Up__AUDIO_(0).mp3,Afro-soul
Powfu_-_death_bed__coffee_for_your_head___Official_Video__ft._beabadoobee(0).mp3,Afro-soul
Mbali_Yami__feat._Aymos_(0).mp3,Afro-soul
SEON_tell_u_i_m_sorry_[Official_Audio](256k).mp3,Afro-soul
Time(256k).mp3,Afro-soul
J._Cole_-_procrastination__broke_(0).mp3,Afro-soul
Chance_the_Rapper_-_Child_of_God__2022____STAR_LINE_[Official_Music_Video](0).mp3,Afro-soul
Amavaka(128k).mp3,Afro-soul
Cantrell_-_Understand___A_COLORS_SHOW(0).mp3,Afro-soul
uBhubesi(256k).mp3,Afro-soul
uJakalasi(256k).mp3,Afro-soul
Amagugu__Acoustic_(256k).mp3,Afro-soul
Phora_-_Never_Know_[Official_Lyric_Video](0).mp3,Afro-soul
J._Tek_Sunday_Afternoon__Official_Visualizer_(256k).mp3,Afro-soul
Johustleburg(128k).mp3,Afro-soul
Late_Night_Drives(256k).mp3,Afro-soul
Mistake(256k).mp3,Afro-soul
Touchline_-_Thula_Ft_Blaklez_Yullunder___Bongane_Sax(256k).mp3,Afro-soul
Life__feat._Monaco_(0).mp3,Afro-soul
Mirror(256k).mp3,Afro-soul
Nasty_C_-_Problems__ft._Erick_Rush__[Official_Audio](256k).mp3,Afro-soul
3am_On_Juta_Street(256k).mp3,Afro-soul
A_Song_For_Healing(0).mp3,Afro-soul
Balaclava_Intro(256k).mp3,Afro-soul
blackwave._If_I__Still_(0).mp3,Afro-soul
Cold_Blood(256k).mp3,Afro-soul
My_Fault(256k).mp3,Afro-soul
Duncan_-_Focus__feat__Mzulu_(256k).mp3,Afro-soul
Can_t_Call_It(0).mp3,Afro-soul
Duncan_-_Ngizobe_Nginani(256k).mp3,Afro-soul
Emotionally_Dumb(0).mp3,Afro-soul
Emtee_-__Bambelela__Official_Audio_(256k).mp3,Afro-soul
Head_Up(256k).mp3,Afro-soul


June(0).mp3,Rap
DREAMS(256k).mp3,Rap
DICHOTOMY(0).mp3,Rap
2086(256k).mp3,Rap
Ultra_Black__feat._Hit-Boy_(0).mp3,Rap
About_the_Dough__Jody_s_Interlude__[feat._Flame]__feat._Flame_(0).mp3,Rap
MIHI(256k).mp3,Rap
again_again_1AM__Lyrics__(0).mp3,Rap
Kody_Blu_31(0).mp3,Rap
JZAC_-_Rain_Check__Official_Video_(0).mp3,Rap
Dragon(0).mp3,Rap
Daylight(0).mp3,Rap
Selfish(0).mp3,Rap
Birdz__feat._JTek_(0).mp3,Rap
again_again_1AM__Lyrics__(0).mp3,Rap
Emotionally_Dumb(0).mp3,Rap
Zaire__feat._JTek_(0).mp3,Rap
Some_Are_Fine(0).mp3,Rap
Erick_the_Architect_ft._Loyle_Carner___FARR_-_Let_It_Go__Official_Video_(0).mp3,Rap
Saturday(0).mp3,Rap
Shame(0).mp3,Rap
Camo__feat._Angel_Haze_(0).mp3,Rap
Breathe(0).mp3,Rap
Pomegranate(0).mp3,Rap
Backstage_in_Minneapolis(0).mp3,Rap
_96_Bulls(0).mp3,Rap
Luke_Cage(0).mp3,Rap
Kid_Quill_-_1br_apt__Official_Music_Video_(0).mp3,Rap
Cordae_-_Dream_In_Color_[Official_Music_Video](0).mp3,Rap
Bad_Idea__feat._Chance_the_Rapper_(0).mp3,Rap
Vanya__feat._Santi_(0).mp3,Rap
Lost_in_the_Shade__feat._Kota_the_Friend_(0).mp3,Rap
Everything__feat._Lil_Kota_(0).mp3,Rap
XXXX(0).mp3,Rap
Robben_Island(0).mp3,Rap
Wildflower(0).mp3,Rap
Road_Signs__feat._Omari_Hardwick_(0).mp3,Rap
War_Paint(0).mp3,Rap
Storytime(0).mp3,Rap
Solace(256k).mp3,Rap
Sistine_Chapel(0).mp3,Rap
Still_Slummin_(0).mp3,Rap
Paranoia(0).mp3,Rap
Grateful(0).mp3,Rap
Good_Friday(0).mp3,Rap
Flowers(0).mp3,Rap
When_The_Sun_Shines.(256k).mp3,Rap
Empty_Highways.(256k).mp3,Rap
Self_Reflect(0).mp3,Rap
INI_-_Fakin_Jax__Cookin_Soul_remix_(0).mp3,Rap
Sallie_Mae_s_Interlude(0).mp3,Rap
Round_Here__feat._Caleborate_(0).mp3,Rap
Numerology(0).mp3,Rap
C_Carter(0).mp3,Rap
100_s___50_s(0).mp3,Rap
Solar_Plexus(0).mp3,Rap
Up_1__feat._Lute_(0).mp3,Rap
Whispering_to_the_Moon__feat._The_Hics_(0).mp3,Rap
Roots_(256k).mp3,Rap
Shiva(0).mp3,Rap
Let_It_Flow_-_Shane_Eagle__Official_Video_(0).mp3,Rap
The_Ills(0).mp3,Rap
GREAT_PRETENDER(0).mp3,Rap
Heavenly__Intro_(256k).mp3,Rap
Nola__feat._Khary___Hello_Oshay_(0).mp3,Rap
Rob_Curly_-_Track_2____not__A_love_story(0).mp3,Rap
Somebody(0).mp3,Rap
10_Points(0).mp3,Rap
All_Bad(256k).mp3,Rap
Live_Once_Interlude(256k).mp3,Rap
Student_1_-_Yin_Yang__feat._Tierra_Whack_(0).mp3,Rap


AmaBlesser(256k).mp3,Afro-beat
Hlala_Nami(0).mp3,Afro-beat
K.O_-_Y.O.U.__Official_Audio_(256k).mp3,Afro-beat
Follow__feat._Lilly___Max-OV_(0).mp3,Afro-beat
Mnqobi_Yazo_247__official_music_video_(256k).mp3,Afro-beat
Nge_Thanda_Wena(256k).mp3,Afro-beat
1_Million(256k).mp3,Afro-beat
Grounding(256k).mp3,Afro-beat
Azana_-_Your_Love__Official_Audio_(256k).mp3,Afro-beat
bravo_le_Roex__umtu__ft_Sjava(256k).mp3,Afro-beat
Emtee_Jets__Official_Audio_(256k).mp3,Afro-beat
Mina_Ngedwa__feat._Nkosazana_Daughter_(0).mp3,Afro-beat
Mr_Chozen_Sgebengu__Official_Music_Video_(256k).mp3,Afro-beat
Sjava_Kuye__Live____Official_Audio___Inkanyezi_EP(256k).mp3,Afro-beat
The_Taxi_Story(128k).mp3,Afro-beat
Inyoka(256k).mp3,Afro-beat
Uvalo(256k).mp3,Afro-beat
Fancy_Life(0).mp3,Afro-beat
Khethile_Khethile(256k).mp3,Afro-beat
My_Lady(256k).mp3,Afro-beat
Asambe(0).mp3,Afro-beat
Thilili__feat._Tonya_Man_(0).mp3,Afro-beat
Fireworks__feat._Blaq_Diamond_(0).mp3,Afro-beat
Awufuni_UkungQoma(0).mp3,Afro-beat
Ntombi(256k).mp3,Afro-beat
Masiyeke(256k).mp3,Afro-beat
Sthandwa(256k).mp3,Afro-beat
Elentulo(256k).mp3,Afro-beat
Ikhosomba(0).mp3,Afro-beat
All_My_Life(0).mp3,Afro-beat
Before(0).mp3,Afro-beat
Mthinay_Tsunam_Appreciated(256k).mp3,Afro-beat
Mlindo_The_Vocalist_-_Lay_ndlini(256k).mp3,Afro-beat
Sun_El-Musician_-_Akanamali__Official_Video__ft._Samthing_Soweto(256k).mp3,Afro-beat
Sjava_Sleepover__Live____Official_Audio___Inkanyezi_EP(256k).mp3,Afro-beat
Sjava_Madibuseng__Live_____Official_Audio___Inkanyezi_EP(256k).mp3,Afro-beat
Blaq_Diamond_-_Woza_My_Love__Official_Music_Video_(2160p).mp4,Afro-beat
Zingah_-_Dlala(256k).mp3,Afro-beat
Sjava_Indoda_Enjani__Live____Official_Audio___Inkanyezi_EP(256k).mp3,Afro-beat
Ngiyamthanda_Umuntu(0).mp3,Afro-beat
Slow_Jam_Sase_Bergville(0).mp3,Afro-beat
Thojana_ya_thesele(0).mp3,Afro-beat
WENA(Anathi).mp3,Afro-beat
Yekela(0).mp3,Afro-beat
Amehlo(0).mp3,Afro-beat
Come_Closer(256k).mp3,Afro-beat
DJ_Kent_ft._Dominic_Neill__Love_You_Still__Official_Music_Video_(256k).mp3,Afro-beat
Ewe_Jesu(0).mp3,Afro-beat
I_Better_Go__Remix_(256k).mp3,Afro-beat




Again___Again__Nostalgic_Sos_Mix_(0).mp3,Nostalgic
All_Seasons__Nostalgic_Mix_(256k).mp3,Nostalgic
At_Night(0).mp3,Nostalgic
Addictive(0).mp3,Nostalgic
After_Noon__Nostalgic_Mix_(0).mp3,Nostalgic
Da_Gifto_Barrier_Lines__Original_Mix_(256k).mp3,Nostalgic
Blissful_Voyage__Nostalgic_Mix_(0).mp3,Nostalgic
Dreamers_Dream__Chronical_Deep_Claps_Back_(0).mp3,Nostalgic
Every_Situation__Nostalgic_Mix_(256k).mp3,Nostalgic
Hacked__Nostalgic_Mix_(256k).mp3,Nostalgic
Iconic__Nostalgic_Mix_(0).mp3,Nostalgic
In_Time(0).mp3,Nostalgic
No_Fear__Nostalgic_Sos_Mix_(0).mp3,Nostalgic
Oceans__Nostalgic_Sos_Mix_(0).mp3,Nostalgic
Okhokho_Be_Tech__Redemial_Mix_(0).mp3,Nostalgic
Silly_Bee__Nostalgic_Mix_(0).mp3,Nostalgic
The_End_of_Memory__Nostalgic_Mix_(0).mp3,Nostalgic
Tribute_to_Pastaboyz__Nostalgic_Mix_(0).mp3,Nostalgic
When_Talk_Is_Expensive__Nostalgic_Mix_(256k).mp3,Nostalgic
Black_In_Hand__Nostalgic_Mix_(256k).mp3,Nostalgic
Blessings__Nostalgic_Sos_Mix_(0).mp3,Nostalgic
Get_Over__Lukamusic_Remix_(0).mp3,Nostalgic
God_Father(0).mp3,Nostalgic
Her_Eyes__Nostalgic_Sos_Mix_(0).mp3,Nostalgic
Buddynice_-_I_Hear_Voices_In_My_Dreams(256k).mp3,Nostalgic
God_Listen(0).mp3,Nostalgic
MaChina__Nostalgic_Mix_(256k).mp3,Nostalgic
My_Home_My_Nostalgia_Pt._2__Nostalgic_Mix_(0).mp3,Nostalgic
Move_on__feat._MFK_(256k).mp3,Nostalgic
Nostalgic_Mind__Nostalgic_Mix_(0).mp3,Nostalgic
Le_Fleur__Chronical_Deep__Claps_Back__Remix_(0).mp3,Nostalgic
Hypaphonik_S.H.E(256k).mp3,Nostalgic
Rumours__Nostalgic_Mix_(256k).mp3,Nostalgic
Stories_of_Nostalgia__Nostalgic_Mix_(0).mp3,Nostalgic
Tribal_Gathering__The_Godson_s_Touch_(0).mp3,Nostalgic
Kaizen(0).mp3,Nostalgic
Miracles__Nostalgic_Mix_(0).mp3,Nostalgic
Nostalgia_In_Me__Nostalgic_Mix_(0).mp3,Nostalgic
Pierre_Johnson_-_Mbira__Original_Mix_(256k).mp3,Nostalgic
Summer_Dance__Nostalgic_Mix_(256k).mp3,Nostalgic
USIKO__feat._Needle_(0).mp3,Nostalgic
Get_Over__Nerdistic_Touch_Remix_(0).mp3,Nostalgic
I_Miss_You__Nostalgic_Mix_(0).mp3,Nostalgic
Fuza(0).mp3,Nostalgic
As_Long_As_We_Together__Deepjack___Mr.Nu_Remix_(0).mp3,Nostalgic
Brazo wa afrika & Chymamusique- To the world.mp3,Nostalgic
English_Dog_II__Slo_Mo_Mix_(0).mp3,Nostalgic
Fula(0).mp3,Nostalgic
Goodness_Of_God(0).mp3,Nostalgic
Nobody_Dance(0).mp3,Nostalgic
Simion(0).mp3,Nostalgic
Slow_Poison(0).mp3,Nostalgic
The_Play_Ground(0).mp3,Nostalgic
Vinyl_Days__Deep_Venom_(256k).mp3,Nostalgic
Wamemeza__Nostalgic_Vocal_Mix_(0).mp3,Nostalgic
Chronical Deep_Make Up Your Mind.mp3,Nostalgic
Fire___Ice__M.Patrick_Nostalgic_Sos_Mix_(0).mp3,Nostalgic
Fearless__Nostalgic_Sos_Mix_(0).mp3,Nostalgic
Deep_Inside__Nostalgic_Mix_(0).mp3,Nostalgic
Cure(0).mp3,Nostalgic



Healing(0).mp3,House
Hold_On(256k).mp3,House
Grateful__feat._Jeru_(0).mp3,House
Hypaphonik__RoneeDeep_Tonight(256k).mp3,House
Gods_Grace(0).mp3,House
Feeling__KoptjieSA_s_Remix_(0).mp3,House
Contentious__Nostalgic_Mix_(0).mp3,House
Killing_Time(0).mp3,House
Love_Paradox(0).mp3,House
Groove_Manor__Nostalgic_Mix_(0).mp3,House
The_Touch__Alternate_Mix_(0).mp3,House
Baningi_Bakhona__feat._Thully_M_(0).mp3,House
Black_Motion_featuring_Xoli_M__Rainbow_(256k).mp3,House
Blood(256k).mp3,House
Nilo - A Summer Song (Be my Friend) Full Dub mix.mp3,House
Deeper(256k).mp3,House
DJ COUZA FT FAKO_LESEDI.mp3,House
DJ_Sbu_For_A_Reason__Official_Audio__ft._The_Observers(256k).mp3,House
Easy_to_Love(256k).mp3,House
Go_Around(256k).mp3,House
In_Common__Revisit___feat._J_Slayz___De_Bablyy_(256k).mp3,House
In_My_Heart(256k).mp3,House
It_s_a_Fine_Day(0).mp3,House
Joy__Vocal_Mix_(0).mp3,House
Just_Feel_it__feat._Aion_(0).mp3,House  
Live_My_Life(256k).mp3,House
Love_You_More__feat._Jeru_(0).mp3,House
My_Woman(0).mp3,House
Ngeke__feat._Gasa_Crimora_(0).mp3,House
Ngilimele__Instrumental_(0).mp3,House
Nick_Holder_-_Summer_Daze__Dukesoul_s_Mellow_Touch_(0).mp3,House
Nkanyezi__feat._French_August_(0).mp3,House
Nora_En_Pure_Come_With_Me__Official_Video_(256k).mp3,House
Phakade(0).mp3,House
Ride_For_You__feat._Jeru_(0).mp3,House
Ride_the_Wave(0).mp3,House
Sbu Deep (feat. Unnie)_Ndingowakho (Official Audio).mp3,House
Seng_khathele(0).mp3,House
Sobabili(256k).mp3,House
Superman(256k).mp3,House
Tahir Jones & Chronical Deep - Love Therapy (Original Mix).mp3,House
Take_Me_To_The_River(0).mp3,House
Today___Always__feat._Dave_Audinary_(0
Wena__M.PATRICK_Nostalgic_Sos_Mix_(0).mp3,House
Count_Your_Blessings(256k).mp3,House
Pierre_Johnson_-_Movin__on__Original_Mix_(256k).mp3,House
Polar__Simeon_s_Sunset_Remix_(0).mp3,House
Shooting_Stars(256k).mp3,House
King_Shaka(0).mp3,House
Love_Intro(0).mp3,House
Thandolwethu__Acoustic_(256k).mp3,House






































































































